﻿ID;Article_link;Article_title;Article_date;Article_author_name;Article_topics;Article_main_domain;Article_source;Article_language;Article_type
1;https://www.lemonde.fr/idees/article/2023/01/08/le-monde-du-cinema-n-en-finit-pas-de-s-interroger-sur-son-avenir_6157057_3232.html;Le monde du cinéma n'en fini pas de s'interroger sur son avenir;2023-03-08;Joëlle Farchy;The future of cinema;Cinema;lemonde.fr;French;Actuality
2;https://www.msn.com/fr-fr/actualite/technologie-et-sciences/faux-journaux-t%C3%A9l%C3%A9vis%C3%A9s-interviews-invent%C3%A9es-gare-%C3%A0-ces-deepfake-imitant-m%C3%A9dias-et-c%C3%A9l%C3%A9brit%C3%A9s-pour-vanter-des-cryptomonnaies/ar-BB1hBkMU;"Faux journaux télévisés, interviews inventées : gare à ces ""deepfake"" imitant médias et célébrités pour vanter des cryptomonnaies";2024-02-01;Alexis Orsini;Deep fake;SocialMedia;msn.com;French;Actuality
3;https://www.bbc.com/travel/article/20240208-how-tiktok-is-embracing-the-food-of-third-culture-kids;How TikTok is embracing the food of 'third culture kids';2024-02-08;Clarissa Wei;Food culture;SocialMedia;bbc.com;English;Actuality
4;https://digital.essca.fr/influence-des-reseaux-sociaux-sur-le-comportement-du-consommateur#:~:text=Quand%20un%20consommateur%20a%20confort%C3%A9,ensuite%20aupr%C3%A8s%20d'un%20ami.;L’influence des réseaux sociaux sur le comportement du consommateur;2013-04-10;Aurélien Carle;Social Media Influence;SocialMedia;digital.essca.fr;French;Actuality
5;https://fr.statista.com/themes/2761/l-usage-des-reseaux-sociaux-en-france/;L'utilisation des réseaux sociaux en France;2024-01-31;Sheelah Delestre;Facts & Figure;SocialMedia;fr.statista.com;French;Analyze
6;https://www.rtbf.be/article/les-algorithmes-des-reseaux-sociaux-favoriseraient-les-contenus-misogynes-chez-les-adolescents-11328785;Les algorithmes des réseaux sociaux favoriseraient les contenus misogynes chez les adolescents;2024-02-14;RTBF;Mysoginy;SocialMedia;rtbf.be;French;Actuality
7;https://www.jimprimeenfrance.fr/blog/paysage-mediatique-francais-comment-inserer/;Paysage médiatique français : comment s’y insérer ?;2024-03-04;PrintBasPrix;Insertion in the industry;PaysageMediatique;imprimeenfrance.fr;French;Actuality
8;https://infolettrelucdupont.substack.com/p/comment-les-nouveaux-medias-redefinissent;Comment les nouveaux médias redéfinissent le paysage médiatique;2023-11-15;Luc Dupont;Media & Industry;PaysageMediatique;infolettrelucdupont.substack.com;French;Analyze
9;https://www.vogue.fr/culture/article/pourquoi-lindustrie-du-cinema-part-a-nouveau-en-guerre-contre-netflix;Pourquoi l’industrie du cinéma part à nouveau en guerre contre Netflix ?;2019-03-25;Radhika Seth;The war between cinema and Netflix;Cinema;vogue.fr;French;Actuality
10;https://www.bbc.com/news/uk-england-merseyside-66361662;Northgate: New six-screen cinema coming to city centre;2023-07-31;BBC;New cinema places;Cinema;bbc.com;English;Actuality
11;https://enseignants.lumni.fr/parcours/1216/comprendre-le-mouvement-de-concentration-des-medias-en-france.html;Comprendre le mouvement de concentration des médias en France;2023-12-06;Lumni;Media in France;PaysageMediatique;enseignant.lumni.fr;French;Analyze
12;https://www.le24heures.fr/2024/01/20/quand-lintelligence-artificielle-redefinit-le-paysage-mediatique/;Quand l’intelligence artificielle redéfinit le paysage médiatique;2024-01-20;24 heures;Artificial Intelligence in the media;PaysageMediatique;le24heures.fr;French;Actuality
13;https://mediaconnect.com/lintelligence-artificielle-dans-les-medias-entre-innovation-et-ethique;L'intelligence artificielle dans les médias : entre innovation et éthique;2024-02-13;Emilie Jusot ;Artificial Intelligence in the media;PaysageMediatique;mediaconnect.com;French;Actuality
14;https://www.20minutes.fr/arts-stars/culture/4046048-20230719-barbie-comment-barbiecore-devenu-tendance-feministe-annee;« Barbie » : Comment le « Barbiecore » est devenu la tendance féministe de l’année;2023-07-25;Anne Demoulin;Feminist Trend of the Year;Cinema;20minutes.fr;French;Actuality
15;https://cfa-hotellerie-dax.org/quelles-sont-les-tendances-actuelles-en-matiere-de-scenarisation-de-films/;Quelles sont les tendances actuelles en matière de scénarisation de films ?;2023-12-20;CFA;Scenario inspired from real life;Cinema;cfa-hotellerie-dax.org;French;Actuality
